25,Seguro anchor 41,7,1,,
26,Seguro anchor 43,7,1,,
27,Seguro anchor 45,7,1,,
28,Seguro anchor 52,7,1,,
29,Seguro anchor 63,7,1,,
30,Seguro anchor 98,7,1,,
31,Seguro anchor 100,7,1,,
32,Seguro anchor 101,7,1,,
33,Seguro anchor 102,7,1,,
34,Seguro anchor 110,7,1,,
35,Seguro anchor 129,7,1,,
36,Seguro anchor 131,7,1,,
37,Seguro anchor 132,7,1,,
38,Seguro anchor 133,7,1,,
39,Seguro anchor 140,7,1,,
40,Seguro anchor 150,7,1,,
41,Seguro anchor 158,7,1,,
42,Seguro anchor 168,7,1,,
43,Seguro anchor 169,7,1,,
44,Seguro anchor 187,7,1,,
45,Seguro anchor 217,7,1,,
46,Seguro anchor 225,7,1,,
47,Seguro anchor 226,7,1,,
48,Seguro anchor 229,7,1,,
49,Seguro anchor 235,7,1,,
50,Seguro anchor 236,7,1,,
51,Seguro anchor 238,7,1,,
52,Seguro anchor 239,7,1,,
53,Seguro anchor 234,7,1,,
54,Seguro anchor 240,7,1,,
55,Seguro anchor 198,7,1,,
56,Seguro anchor 243,7,1,,
57,Seguro anchor 255,7,1,,
58,Seguro anchor 256,7,1,,
59,Seguro anchor 257,7,1,,
60,Seguro anchor 258,7,1,,
61,Seguro anchor 265,7,1,,
62,Seguro anchor 279,7,1,,
63,Seguro anchor 289,7,1,,
64,Seguro anchor 290,7,1,,
65,Seguro anchor 297,7,1,,
66,Seguro anchor 291,7,1,,
67,Seguro anchor 295,7,1,,
68,Seguro anchor 298,7,1,,
69,Seguro anchor 302,7,1,,
70,Seguro anchor 306,7,1,,
71,Seguro anchor 307,7,1,,
72,Seguro anchor 329,7,1,,
73,Seguro anchor 332,7,1,,
74,Seguro anchor 333,7,1,,
75,Seguro anchor 334,7,1,,
76,Seguro anchor 337,7,1,,
77,Seguro anchor 355,7,1,,
78,Seguro anchor 357,7,1,,
79,Seguro anchor 370,7,1,,
80,Seguro anchor 371,7,1,,
81,Seguro anchor 374,7,1,,
82,Seguro anchor 375,7,1,,
83,Seguro anchor 380,7,1,,
84,Seguro anchor 392,7,1,,
85,Seguro anchor 873,7,1,,
86,Seguro anchor 905,7,1,,
87,Seguro anchor 907,7,1,,
88,Seguro anchor 1076,7,1,,
89,Seguro anchor 1079,7,1,,
90,Seguro anchor 1054,7,1,,
91,Seguro anchor 46,7,1,,
92,Seguro anchor 47,7,1,,
93,Seguro anchor 403,7,1,,
94,Servilletas 50 X 50 flores y canastas ,4,2,,
95,Servilletas 50 X 50 punto de cruz de flores,4,2,,
96,Almohadones flores,4,2,,
97,Mantel 2m. flores,4,2,,
98,Mantel 2m. Frutas,4,2,,
99,Mantel 3m. punto de cruz,4,2,,
100,Mantel 3m. flores,4,2,,
101,Libros acrodeón punto de cruz,4,2,,
102,FAVORITO,1,3,,
103,BB TAMM,1,3,,
104,TAMM 2000,1,3,,
105,CUADRILE,1,3,,
,,1,3,,
